{"cameraMode":{"drawMode":0,"name":"Shaded","section":"Shading Mode"},"sceneLighting":true,"audioPlay":false,"sceneViewState":{"m_AlwaysRefresh":false,"showFog":true,"showSkybox":true,"showFlares":true,"showImageEffects":true,"showParticleSystems":true,"showVisualEffectGraphs":true,"m_FxEnabled":true},"in2DMode":false,"pivot":{"x":11.65691089630127,"y":6.145162105560303,"z":-17.949844360351564},"rotation":{"x":-0.20709110796451569,"y":-0.04482016712427139,"z":0.009834352880716324,"w":-0.9773902297019959},"size":47.93910217285156,"orthographic":false}